INSERT INTO Customers(customer_id,name,type,country)
VALUES('0', 'DARPA', 'Government', 'United States' );
INSERT INTO Customers(customer_id,name,type,country)
VALUES('1', 'ORS', 'Government', 'United States' );
INSERT INTO Customers(customer_id,name,type,country)
VALUES('2', 'NASA', 'Government', 'United States' );
INSERT INTO Customers(customer_id,name,type,country)
VALUES('3', 'Celestis', 'Business', 'United States' );
INSERT INTO Customers(customer_id,name,type,country)
VALUES('4', 'ATSB', 'Government', 'Malaysia' );
INSERT INTO Customers(customer_id,name,type,country)
VALUES('5', 'Orbcomm', 'Business', 'United States' );
INSERT INTO Customers(customer_id,name,type,country)
VALUES('6', 'MDA Corp', 'Business', 'Canada' );
INSERT INTO Customers(customer_id,name,type,country)
VALUES('7', 'SES', 'Business', 'Luxembourg' );
INSERT INTO Customers(customer_id,name,type,country)
VALUES('8', 'Thaicom', 'Business', 'Thailand' );
INSERT INTO Customers(customer_id,name,type,country)
VALUES('9', 'AsiaSat', 'Business', 'China' );
INSERT INTO Customers(customer_id,name,type,country)
VALUES('10', 'US Air Force; NASA; NOAA', 'Government', 'United States' );
INSERT INTO Customers(customer_id,name,type,country)
VALUES('11', 'Asia Broadcast Satellite', 'Business', 'Bermuda' );
INSERT INTO Customers(customer_id,name,type,country)
VALUES('12', 'Eutelsat (Satmex)', 'Business', 'France (Mexico)' );
INSERT INTO Customers(customer_id,name,type,country)
VALUES('13', 'Turkmenistan NSA', 'Government', 'Turkmenistan' );
INSERT INTO Customers(customer_id,name,type,country)
VALUES('14', 'NASA; NOAA; CNES', 'Government', 'United States' );
INSERT INTO Customers(customer_id,name,type,country)
VALUES('15', 'SKY Perfect JSAT Group', 'Business', 'Japan' );
INSERT INTO Customers(customer_id,name,type,country)
VALUES('16', 'Spacecom', 'Business', 'Israel' );
INSERT INTO Customers(customer_id,name,type,country)
VALUES('17', 'Iridium Communications', 'Business', 'United States' );

INSERT INTO Payloads(payload_id,name,type,mass_kg)
VALUES('0', 'FalconSAT-2', 'Research Satellite', '19.5' );
INSERT INTO Payloads(payload_id,name,type,mass_kg)
VALUES('1', 'DemoSat', '', '' );
INSERT INTO Payloads(payload_id,name,type,mass_kg)
VALUES('2', 'Trailblazer', 'Communication Satellite', '' );
INSERT INTO Payloads(payload_id,name,type,mass_kg)
VALUES('3', 'PRESat, NanoSail-D', 'Research Satellites', '8.0' );
INSERT INTO Payloads(payload_id,name,type,mass_kg)
VALUES('4', 'Explorers', 'Human Remains', '' );
INSERT INTO Payloads(payload_id,name,type,mass_kg)
VALUES('5', 'RatSat (DemoSat)', '', '165.0' );
INSERT INTO Payloads(payload_id,name,type,mass_kg)
VALUES('6', 'RazakSAT', 'Weather Satellite', '180.0' );
INSERT INTO Payloads(payload_id,name,type,mass_kg)
VALUES('7', 'Dragon Spacecraft Qualification Unit', '', '' );
INSERT INTO Payloads(payload_id,name,type,mass_kg)
VALUES('8', 'SpaceX CRS (Dragon C1)', 'Space Station Supplies', '' );
INSERT INTO Payloads(payload_id,name,type,mass_kg)
VALUES('9', 'SpaceX CRS (Dragon C2+)', 'Space Station Supplies', '' );
INSERT INTO Payloads(payload_id,name,type,mass_kg)
VALUES('10', 'SpaceX CRS-1', 'Space Station Supplies', '500.0' );
INSERT INTO Payloads(payload_id,name,type,mass_kg)
VALUES('11', 'Orbcomm-OG2', 'Communication Satellite', '150.0' );
INSERT INTO Payloads(payload_id,name,type,mass_kg)
VALUES('12', 'SpaceX CRS-2', 'Space Station Supplies', '677.0' );
INSERT INTO Payloads(payload_id,name,type,mass_kg)
VALUES('13', 'CASSIOPE', 'Communication/Research Satellite', '500.0' );
INSERT INTO Payloads(payload_id,name,type,mass_kg)
VALUES('14', 'SES-8', 'Communication Satellite', '3170.0' );
INSERT INTO Payloads(payload_id,name,type,mass_kg)
VALUES('15', 'Thaicom 6', 'Communication Satellite', '3325.0' );
INSERT INTO Payloads(payload_id,name,type,mass_kg)
VALUES('16', 'SpaceX CRS-3', 'Space Station Supplies', '2296.0' );
INSERT INTO Payloads(payload_id,name,type,mass_kg)
VALUES('17', 'OG2 Mission 1 ('6' OG2 Satellites)', 'Communication Satellite', '' );
INSERT INTO Payloads(payload_id,name,type,mass_kg)
VALUES('18', 'AsiaSat 8', 'Communication Satellite', '4535.0' );
INSERT INTO Payloads(payload_id,name,type,mass_kg)
VALUES('19', 'AsiaSat 6', 'Communication Satellite', '4428.0' );
INSERT INTO Payloads(payload_id,name,type,mass_kg)
VALUES('20', 'SpaceX CRS-4', 'Space Station Supplies', '2216.0' );
INSERT INTO Payloads(payload_id,name,type,mass_kg)
VALUES('21', 'SpaceX CRS-5', 'Space Station Supplies', '2395.0' );
INSERT INTO Payloads(payload_id,name,type,mass_kg)
VALUES('22', 'DSCOVR', 'Weather Satellite', '570.0' );
INSERT INTO Payloads(payload_id,name,type,mass_kg)
VALUES('23', 'ABS-3A', 'Communication Satellite', '4159.0' );
INSERT INTO Payloads(payload_id,name,type,mass_kg)
VALUES('24', 'Eutelsat 115 West B (Satmex 7)', 'Communication Satellite', '4159.0' );
INSERT INTO Payloads(payload_id,name,type,mass_kg)
VALUES('25', 'SpaceX CRS-6', 'Space Station Supplies', '1898.0' );
INSERT INTO Payloads(payload_id,name,type,mass_kg)
VALUES('26', 'TurkmenAlem 52E/MonacoSAT', 'Communication Satellite', '4707.0' );
INSERT INTO Payloads(payload_id,name,type,mass_kg)
VALUES('27', 'SpaceX CRS-7', 'Space Station Supplies', '1952.0' );
INSERT INTO Payloads(payload_id,name,type,mass_kg)
VALUES('28', 'OG2 Mission 2 ('11' OG2 Satellites)', 'Communication Satellite', '' );
INSERT INTO Payloads(payload_id,name,type,mass_kg)
VALUES('29', 'Jason-3', 'Weather Satellite', '553.0' );
INSERT INTO Payloads(payload_id,name,type,mass_kg)
VALUES('30', 'SES-9', 'Communication Satellite', '5271.0' );
INSERT INTO Payloads(payload_id,name,type,mass_kg)
VALUES('31', 'SpaceX CRS-8', 'Space Station Supplies', '3136.0' );
INSERT INTO Payloads(payload_id,name,type,mass_kg)
VALUES('32', 'JCSAT-14', 'Communication Satellite', '4696.0' );
INSERT INTO Payloads(payload_id,name,type,mass_kg)
VALUES('33', 'Thaicom 8', 'Communication Satellite', '3100.0' );
INSERT INTO Payloads(payload_id,name,type,mass_kg)
VALUES('34', 'ABS-2A', 'Communication Satellite', '3600.0' );
INSERT INTO Payloads(payload_id,name,type,mass_kg)
VALUES('35', 'Eutelsat 117 West B (Satmex 9)', 'Communication Satellite', '3600.0' );
INSERT INTO Payloads(payload_id,name,type,mass_kg)
VALUES('36', 'SpaceX CRS-9', 'Space Station Supplies', '2257.0' );
INSERT INTO Payloads(payload_id,name,type,mass_kg)
VALUES('37', 'JCSAT-16', 'Communication Satellite', '4600.0' );
INSERT INTO Payloads(payload_id,name,type,mass_kg)
VALUES('38', 'Amos-6', 'Communication Satellite', '5500.0' );
INSERT INTO Payloads(payload_id,name,type,mass_kg)
VALUES('39', 'Iridium NEXT 1-10', 'Communication Satellite', '9600.0' );
INSERT INTO Payloads(payload_id,name,type,mass_kg)
VALUES('40', 'SpaceX CRS-10', 'Space Station Supplies', '2490.0' );

INSERT INTO Missions(mission_id,payload_id,customer_id,vehicle_type,mission_outcome,failure_reason,landing_type,landing_outcome,flight_number,launch_date,launch_site,orbit)
VALUES('0', '0', '0', 'Falcon 1', 'Failure', 'Engine Fire During Launch', '', '', 'F1-1', TO_DATE( '24-03-2006', 'DD-MM-YYYY' ), 'Marshall Islands', '' );
INSERT INTO Missions(mission_id,payload_id,customer_id,vehicle_type,mission_outcome,failure_reason,landing_type,landing_outcome,flight_number,launch_date,launch_site,orbit)
VALUES('1', '1', '0', 'Falcon 1', 'Failure', 'Engine Shutdown During Launch', '', '', 'F1-2', TO_DATE( '21-03-2007', 'DD-MM-YYYY' ), 'Marshall Islands', '' );
INSERT INTO Missions(mission_id,payload_id,customer_id,vehicle_type,mission_outcome,failure_reason,landing_type,landing_outcome,flight_number,launch_date,launch_site,orbit)
VALUES('2', '2', '1', 'Falcon 1', 'Failure', 'Collision During Launch', '', '', 'F1-3', TO_DATE( '03-08-2008', 'DD-MM-YYYY' ), 'Marshall Islands', '' );
INSERT INTO Missions(mission_id,payload_id,customer_id,vehicle_type,mission_outcome,failure_reason,landing_type,landing_outcome,flight_number,launch_date,launch_site,orbit)
VALUES('3', '3', '2', 'Falcon 1', 'Failure', 'Collision During Launch', '', '', 'F1-3', TO_DATE( '03-08-2008', 'DD-MM-YYYY' ), 'Marshall Islands', '' );
INSERT INTO Missions(mission_id,payload_id,customer_id,vehicle_type,mission_outcome,failure_reason,landing_type,landing_outcome,flight_number,launch_date,launch_site,orbit)
VALUES('4', '4', '3', 'Falcon 1', 'Failure', 'Collision During Launch', '', '', 'F1-3', TO_DATE( '03-08-2008', 'DD-MM-YYYY' ), 'Marshall Islands', '' );
INSERT INTO Missions(mission_id,payload_id,customer_id,vehicle_type,mission_outcome,failure_reason,landing_type,landing_outcome,flight_number,launch_date,launch_site,orbit)
VALUES('6', '6', '4', 'Falcon 1', 'Success', '', '', '', 'F1-5', TO_DATE( '14-07-2009', 'DD-MM-YYYY' ), 'Marshall Islands', 'Low Earth Orbit' );
INSERT INTO Missions(mission_id,payload_id,customer_id,vehicle_type,mission_outcome,failure_reason,landing_type,landing_outcome,flight_number,launch_date,launch_site,orbit)
VALUES('8', '8', '2', 'Falcon 9 (v1.0)', 'Success', '', 'Parachute', 'Failure', 'F9-2', TO_DATE( '08-12-2010', 'DD-MM-YYYY' ), 'Cape Canaveral AFS LC-40', 'Low Earth Orbit' );
INSERT INTO Missions(mission_id,payload_id,customer_id,vehicle_type,mission_outcome,failure_reason,landing_type,landing_outcome,flight_number,launch_date,launch_site,orbit)
VALUES('9', '9', '2', 'Falcon 9 (v1.0)', 'Success', '', '', '', 'F9-3', TO_DATE( '22-05-2012', 'DD-MM-YYYY' ), 'Cape Canaveral AFS LC-40', 'Low Earth Orbit' );
INSERT INTO Missions(mission_id,payload_id,customer_id,vehicle_type,mission_outcome,failure_reason,landing_type,landing_outcome,flight_number,launch_date,launch_site,orbit)
VALUES('10', '10', '2', 'Falcon 9 (v1.0)', 'Success', '', '', '', 'F9-4', TO_DATE( '08-10-2012', 'DD-MM-YYYY' ), 'Cape Canaveral AFS LC-40', 'Low Earth Orbit' );
INSERT INTO Missions(mission_id,payload_id,customer_id,vehicle_type,mission_outcome,failure_reason,landing_type,landing_outcome,flight_number,launch_date,launch_site,orbit)
VALUES('11', '11', '5', 'Falcon 9 (v1.0)', 'Failure', 'Engine Failure During Flight', '', '', 'F9-4', TO_DATE( '08-10-2012', 'DD-MM-YYYY' ), 'Cape Canaveral AFS LC-40', 'Low Earth Orbit' );
INSERT INTO Missions(mission_id,payload_id,customer_id,vehicle_type,mission_outcome,failure_reason,landing_type,landing_outcome,flight_number,launch_date,launch_site,orbit)
VALUES('12', '12', '2', 'Falcon 9 (v1.0)', 'Success', '', '', '', 'F9-5', TO_DATE( '01-03-2013', 'DD-MM-YYYY' ), 'Cape Canaveral AFS LC-40', 'Low Earth Orbit' );
INSERT INTO Missions(mission_id,payload_id,customer_id,vehicle_type,mission_outcome,failure_reason,landing_type,landing_outcome,flight_number,launch_date,launch_site,orbit)
VALUES('13', '13', '6', 'Falcon 9 (v1.1)', 'Success', '', 'Ocean', 'Failure', 'F9-6', TO_DATE( '29-09-2013', 'DD-MM-YYYY' ), 'Vandenberg AFB SLC-4E', 'Polar Orbit' );
INSERT INTO Missions(mission_id,payload_id,customer_id,vehicle_type,mission_outcome,failure_reason,landing_type,landing_outcome,flight_number,launch_date,launch_site,orbit)
VALUES('14', '14', '7', 'Falcon 9 (v1.1)', 'Success', '', 'None', '', 'F9-7', TO_DATE( '03-12-2013', 'DD-MM-YYYY' ), 'Cape Canaveral AFS LC-40', 'Geostationary Transfer Orbit' );
INSERT INTO Missions(mission_id,payload_id,customer_id,vehicle_type,mission_outcome,failure_reason,landing_type,landing_outcome,flight_number,launch_date,launch_site,orbit)
VALUES('15', '15', '8', 'Falcon 9 (v1.1)', 'Success', '', 'None', '', 'F9-8', TO_DATE( '06-12-2014', 'DD-MM-YYYY' ), 'Cape Canaveral AFS LC-40', 'Geostationary Transfer Orbit' );
INSERT INTO Missions(mission_id,payload_id,customer_id,vehicle_type,mission_outcome,failure_reason,landing_type,landing_outcome,flight_number,launch_date,launch_site,orbit)
VALUES('16', '16', '2', 'Falcon 9 (v1.1)', 'Success', '', 'Ocean', 'Success', 'F9-9', TO_DATE( '18-04-2014', 'DD-MM-YYYY' ), 'Cape Canaveral AFS LC-40', 'Low Earth Orbit' );
INSERT INTO Missions(mission_id,payload_id,customer_id,vehicle_type,mission_outcome,failure_reason,landing_type,landing_outcome,flight_number,launch_date,launch_site,orbit)
VALUES('17', '17', '5', 'Falcon 9 (v1.1)', 'Success', '', 'Ocean', 'Success', 'F9-10', TO_DATE( '14-07-2014', 'DD-MM-YYYY' ), 'Cape Canaveral AFS LC-40', 'Low Earth Orbit' );
INSERT INTO Missions(mission_id,payload_id,customer_id,vehicle_type,mission_outcome,failure_reason,landing_type,landing_outcome,flight_number,launch_date,launch_site,orbit)
VALUES('18', '18', '9', 'Falcon 9 (v1.1)', 'Success', '', 'None', '', 'F9-11', TO_DATE( '05-08-2014', 'DD-MM-YYYY' ), 'Cape Canaveral AFS LC-40', 'Geostationary Transfer Orbit' );
INSERT INTO Missions(mission_id,payload_id,customer_id,vehicle_type,mission_outcome,failure_reason,landing_type,landing_outcome,flight_number,launch_date,launch_site,orbit)
VALUES('19', '19', '9', 'Falcon 9 (v1.1)', 'Success', '', 'None', '', 'F9-12', TO_DATE( '07-09-2014', 'DD-MM-YYYY' ), 'Cape Canaveral AFS LC-40', 'Geostationary Transfer Orbit' );
INSERT INTO Missions(mission_id,payload_id,customer_id,vehicle_type,mission_outcome,failure_reason,landing_type,landing_outcome,flight_number,launch_date,launch_site,orbit)
VALUES('20', '20', '2', 'Falcon 9 (v1.1)', 'Success', '', 'Ocean', 'Success', 'F9-13', TO_DATE( '21-09-2014', 'DD-MM-YYYY' ), 'Cape Canaveral AFS LC-40', 'Geostationary Transfer Orbit' );
INSERT INTO Missions(mission_id,payload_id,customer_id,vehicle_type,mission_outcome,failure_reason,landing_type,landing_outcome,flight_number,launch_date,launch_site,orbit)
VALUES('21', '21', '2', 'Falcon 9 (v1.1)', 'Success', '', 'Ship', 'Failure', 'F9-14', TO_DATE( '10-01-2015', 'DD-MM-YYYY' ), 'Cape Canaveral AFS LC-40', 'Low Earth Orbit' );
INSERT INTO Missions(mission_id,payload_id,customer_id,vehicle_type,mission_outcome,failure_reason,landing_type,landing_outcome,flight_number,launch_date,launch_site,orbit)
VALUES('22', '22', '10', 'Falcon 9 (v1.1)', 'Success', '', 'Ocean', 'Success', 'F9-15', TO_DATE( '11-02-2015', 'DD-MM-YYYY' ), 'Cape Canaveral AFS LC-40', 'Sun/Earth Orbit' );
INSERT INTO Missions(mission_id,payload_id,customer_id,vehicle_type,mission_outcome,failure_reason,landing_type,landing_outcome,flight_number,launch_date,launch_site,orbit)
VALUES('23', '23', '11', 'Falcon 9 (v1.1)', 'Success', '', 'None', '', 'F9-16', TO_DATE( '02-03-2015', 'DD-MM-YYYY' ), 'Cape Canaveral AFS LC-40', 'Geostationary Transfer Orbit' );
INSERT INTO Missions(mission_id,payload_id,customer_id,vehicle_type,mission_outcome,failure_reason,landing_type,landing_outcome,flight_number,launch_date,launch_site,orbit)
VALUES('24', '24', '12', 'Falcon 9 (v1.1)', 'Success', '', 'None', '', 'F9-16', TO_DATE( '02-03-2015', 'DD-MM-YYYY' ), 'Cape Canaveral AFS LC-40', 'Geostationary Transfer Orbit' );
INSERT INTO Missions(mission_id,payload_id,customer_id,vehicle_type,mission_outcome,failure_reason,landing_type,landing_outcome,flight_number,launch_date,launch_site,orbit)
VALUES('25', '25', '2', 'Falcon 9 (v1.1)', 'Success', '', 'Ship', 'Failure', 'F9-17', TO_DATE( '14-04-2015', 'DD-MM-YYYY' ), 'Cape Canaveral AFS LC-40', 'Low Earth Orbit' );
INSERT INTO Missions(mission_id,payload_id,customer_id,vehicle_type,mission_outcome,failure_reason,landing_type,landing_outcome,flight_number,launch_date,launch_site,orbit)
VALUES('26', '26', '13', 'Falcon 9 (v1.1)', 'Success', '', 'None', '', 'F9-18', TO_DATE( '27-04-2015', 'DD-MM-YYYY' ), 'Cape Canaveral AFS LC-40', 'Geostationary Transfer Orbit' );
INSERT INTO Missions(mission_id,payload_id,customer_id,vehicle_type,mission_outcome,failure_reason,landing_type,landing_outcome,flight_number,launch_date,launch_site,orbit)
VALUES('27', '27', '2', 'Falcon 9 (v1.1)', 'Failure', 'Vehicle Explosion During Flight', '', '', 'F9-19', TO_DATE( '28-06-2015', 'DD-MM-YYYY' ), 'Cape Canaveral AFS LC-40', 'Low Earth Orbit' );
INSERT INTO Missions(mission_id,payload_id,customer_id,vehicle_type,mission_outcome,failure_reason,landing_type,landing_outcome,flight_number,launch_date,launch_site,orbit)
VALUES('28', '28', '5', 'Falcon 9 Full Thrust (v1.2)', 'Success', '', 'Land', 'Success', 'FT-1', TO_DATE( '22-12-2015', 'DD-MM-YYYY' ), 'Cape Canaveral AFS LC-40', 'Low Earth Orbit' );
INSERT INTO Missions(mission_id,payload_id,customer_id,vehicle_type,mission_outcome,failure_reason,landing_type,landing_outcome,flight_number,launch_date,launch_site,orbit)
VALUES('29', '29', '14', 'Falcon 9 (v1.1)', 'Success', '', 'Ship', 'Failure', 'F9-21', TO_DATE( '17-01-2016', 'DD-MM-YYYY' ), 'Vandenberg AFB SLC-4E', 'Low Earth Orbit' );
INSERT INTO Missions(mission_id,payload_id,customer_id,vehicle_type,mission_outcome,failure_reason,landing_type,landing_outcome,flight_number,launch_date,launch_site,orbit)
VALUES('30', '30', '7', 'Falcon 9 Full Thrust (v1.2)', 'Success', '', 'Ship', 'Failure', 'FT-2', TO_DATE( '04-03-2016', 'DD-MM-YYYY' ), 'Cape Canaveral AFS LC-40', 'Geostationary Transfer Orbit' );
INSERT INTO Missions(mission_id,payload_id,customer_id,vehicle_type,mission_outcome,failure_reason,landing_type,landing_outcome,flight_number,launch_date,launch_site,orbit)
VALUES('31', '31', '2', 'Falcon 9 Full Thrust (v1.2)', 'Success', '', 'Ship', 'Success', 'FT-3', TO_DATE( '08-04-2016', 'DD-MM-YYYY' ), 'Cape Canaveral AFS LC-40', 'Low Earth Orbit' );
INSERT INTO Missions(mission_id,payload_id,customer_id,vehicle_type,mission_outcome,failure_reason,landing_type,landing_outcome,flight_number,launch_date,launch_site,orbit)
VALUES('32', '32', '15', 'Falcon 9 Full Thrust (v1.2)', 'Success', '', 'Ship', 'Success', 'FT-4', TO_DATE( '06-05-2016', 'DD-MM-YYYY' ), 'Cape Canaveral AFS LC-40', 'Geostationary Transfer Orbit' );
INSERT INTO Missions(mission_id,payload_id,customer_id,vehicle_type,mission_outcome,failure_reason,landing_type,landing_outcome,flight_number,launch_date,launch_site,orbit)
VALUES('33', '33', '8', 'Falcon 9 Full Thrust (v1.2)', 'Success', '', 'Ship', 'Success', 'FT-5', TO_DATE( '27-05-2016', 'DD-MM-YYYY' ), 'Cape Canaveral AFS LC-40', 'Geostationary Transfer Orbit' );
INSERT INTO Missions(mission_id,payload_id,customer_id,vehicle_type,mission_outcome,failure_reason,landing_type,landing_outcome,flight_number,launch_date,launch_site,orbit)
VALUES('34', '34', '11', 'Falcon 9 Full Thrust (v1.2)', 'Success', '', 'Ship', 'Failure', 'FT-6', TO_DATE( '15-06-2016', 'DD-MM-YYYY' ), 'Cape Canaveral AFS LC-40', 'Geostationary Transfer Orbit' );
INSERT INTO Missions(mission_id,payload_id,customer_id,vehicle_type,mission_outcome,failure_reason,landing_type,landing_outcome,flight_number,launch_date,launch_site,orbit)
VALUES('35', '35', '12', 'Falcon 9 Full Thrust (v1.2)', 'Success', '', 'Ship', 'Failure', 'FT-6', TO_DATE( '15-06-2016', 'DD-MM-YYYY' ), 'Cape Canaveral AFS LC-40', 'Geostationary Transfer Orbit' );
INSERT INTO Missions(mission_id,payload_id,customer_id,vehicle_type,mission_outcome,failure_reason,landing_type,landing_outcome,flight_number,launch_date,launch_site,orbit)
VALUES('36', '36', '2', 'Falcon 9 Full Thrust (v1.2)', 'Success', '', 'Land', 'Success', 'FT-7', TO_DATE( '18-07-2016', 'DD-MM-YYYY' ), 'Cape Canaveral AFS LC-40', 'Low Earth Orbit' );
INSERT INTO Missions(mission_id,payload_id,customer_id,vehicle_type,mission_outcome,failure_reason,landing_type,landing_outcome,flight_number,launch_date,launch_site,orbit)
VALUES('37', '37', '15', 'Falcon 9 Full Thrust (v1.2)', 'Success', '', 'Ship', 'Success', 'FT-8', TO_DATE( '14-08-2016', 'DD-MM-YYYY' ), 'Cape Canaveral AFS LC-40', 'Geostationary Transfer Orbit' );
INSERT INTO Missions(mission_id,payload_id,customer_id,vehicle_type,mission_outcome,failure_reason,landing_type,landing_outcome,flight_number,launch_date,launch_site,orbit)
VALUES('38', '38', '16', 'Falcon 9 Full Thrust (v1.2)', 'Failure', 'Vehicle Explosion Before Launch', '', '', 'FT-9', TO_DATE( '01-09-2016', 'DD-MM-YYYY' ), 'Cape Canaveral AFS LC-40', 'Geostationary Transfer Orbit' );
INSERT INTO Missions(mission_id,payload_id,customer_id,vehicle_type,mission_outcome,failure_reason,landing_type,landing_outcome,flight_number,launch_date,launch_site,orbit)
VALUES('39', '39', '17', 'Falcon 9 Full Thrust (v1.2)', 'Success', '', 'Ship', 'Success', 'FT-10', TO_DATE( '14-01-2017', 'DD-MM-YYYY' ), 'Vandenberg AFB SLC-4E', 'Low Earth Orbit' );
INSERT INTO Missions(mission_id,payload_id,customer_id,vehicle_type,mission_outcome,failure_reason,landing_type,landing_outcome,flight_number,launch_date,launch_site,orbit)
VALUES('40', '40', '2', 'Falcon 9 Full Thrust (v1.2)', 'Success', '', 'Land', 'Success', 'FT-11', TO_DATE( '19-02-2017', 'DD-MM-YYYY' ), 'Kennedy Space Center LC-39A', 'Low Earth Orbit' );
